Licensee,DBA,License #,Street Address ,City,Zip
HCH2 LLC,,402R-00092,40 South Main Street,Alma,80420
MONTEM PHARMLABS LIMITED,NORTHERN STANDARD,402R-00580,513 North Main Street,Alma,80420
ACADEMY OF THE HEALING ARTS LLC,HIGH VALLEY ANTONITO RETAIL CANNABIS,402R-00482,307 Main Street,Antonito,81120
GREEN WORLD EXPRESS INC,,402R-00547,5320 US Highway 285,Antonito,81120
YUMA WAY LLC,BERKELEY DISPENSARY,402R-00808,5398 Sheridan Boulevard,Arvada,80002
ASPEN GREEN JOINT LLC,THE GREEN JOINT,402R-00752,"720 East Durant Avenue, Unit E-3",Aspen,81611
ASPEN P & P LLC,Euflora,402R-00160,"710 East Durant Ave, Unit E-1",Aspen,81611
BUFFALO BIOTECH LLC,,402R-00804,108 South Mill Street,Aspen,81611
COOPER MASON VENTURES LLC,SILVERPEAK APOTHECARY,402R-00140,"520 East Cooper Avenue, Unit LL2 & LL3",Aspen,81611
GREEN ESSENTIALS MEDICAL LLC,GREEN DRAGON COLORADO,402R-00209,409 East Hyman Avenue,Aspen,81611
OSIRIS LLC,BEST DAY EVER,402R-00585,"520 East Cooper Avenue, Suites 202A and 202B",Aspen,81611
RFSCA LLC,ROOTSRX,402R-00487,"400 East Hyman Avenue, Unit A102",Aspen,81611
RJJ ASPEN LLC,NATIVE ROOTS ASPEN,402R-00379,308 South Hunter Street,Aspen,81611
THE GREEN SOLUTION LLC,,402R-00780,106 South Mill Street,Aspen,81611
3LP LLC,MINDFUL,402R-00290,19201 East Colfax Avenue,Aurora,80011
3LP LLC,MINDFUL,402R-00333,1401 Peoria Street,Aurora,80011
APOGEE MANAGEMENT INC,TERRAPIN CARE STATION,402R-00269,"11091 East Mississippi Avenue, Suite A",Aurora,80012
APOGEE MANAGEMENT INC,TERRAPIN CARE STATION,402R-00334,"11900 East 33rd Avenue, Suite 1",Aurora,80010
BROW ACQUISITIONS AURORA LLC,XCLUSIVE CANNABIS,402R-00311,"15200 East 6th Avenue, Unit 1",Aurora,80011
DRAGON PARTNERS LLC,GREEN DRAGON COLORADO,402R-00323,15225 East 6th Avenue,Aurora,80011
FUTUREVISION LTD,MEDICINE MAN AURORA,402R-00296,1901 South Havana Street,Aurora,80014
GREEN HEART LTD,,402R-00364,19005 East Quincy Avenue,Aurora,80015
GREENWERKZ LLC,GREEN DRAGON COLORADO,402R-00377,19151 East Quincy Avenue,Aurora,80013
HIGH COUNTRY SUPPLY LLC,COLORADO HARVEST COMPANY,402R-00317,"11002 East Yale Avenue, Unit A",Aurora,80014
JS INVESTMENTS AURORA LLC,EUFLORA,402R-00304,6260 South Gun Club Road,Aurora,80016
JS INVESTMENTS AURORA LLC,EUFLORA,402R-00305,"4343 South Buckley Road, Unit E",Aurora,80015
LIGHTSHADE LABS LLC,LIGHTSHADE,402R-00293,503 Havana Street,Aurora,80010
LIGHTSHADE LABS LLC,LIGHTSHADE,402R-00579,16821 East Iliff Avenue,Aurora,80014
RRAW LLC,ROCKY ROAD AURORA,402R-00307,1712 South Chambers Road,Aurora,80017
SB ARAPAHOE LLC,STARBUDS,402R-00316,"14655 East Arapahoe Road, Unit A",Aurora,80016
STARBUDS AURORA LLC,STARBUDS,402R-00267,"1408 Del Mar Parkway, Units D1 & D2",Aurora,80010
SWEETWATER PARTNERS LLC,GOOD CHEMISTRY,402R-00275,16840 East Iliff Avenue,Aurora,80013
THE GREEN SOLUTION LLC,,402R-00297,350 South Potomac Street,Aurora,80012
THE GREEN SOLUTION LLC,,402R-00300,3179 South Peoria Court,Aurora,80014
THE GREEN SOLUTION LLC,,402R-00302,"1450 Havana Street, Suites C & D",Aurora,80010
THE GREEN SOLUTION LLC,,402R-00303,14301 East Colfax Avenue,Aurora,80011
THE GREEN SOLUTION LLC,,402R-00666,19370 East Quincy Avenue,Aurora,80015
TREATMENTS UNLIMITED LLC,ALTITUDE AURORA,402R-00301,10455 East Colfax Avenue,Aurora,80010
J&R PARTNERS LLC,NATIVE ROOTS VAIL,402R-00221,"41290 Highway 6, Unit B5",Avon,81620
RFSCEV LLC,ROOTSRX,402R-00242,40690 Highway 6 Suite E-2,Avon,81620
ROCKY ROAD REMEDIES LLC,ROCKY ROAD VAIL,402R-00226,"40928 US Highway 6, Unit 2B",Avon,81620
VAIL BUD BREWERY LLC,HIGH COUNTRY HEALING 8,402R-00405,40801 Highway 6 Suite 5,Avon,81620
CCC INC,THE HAPPY CAMPER CANNABIS COMPANY,402R-00245,80 Rosalie Road,Bailey,80421
SUNRISE SOLUTIONS,,402R-00147,43 Main Street,Bailey,80421
RFSCB LLC,ROOTSRX,402R-00246,165 Southside Drive,Basalt,81621
H&J SERVICES INC,BEMINDFUL,402R-00775,1015 2nd Street,Berthoud,80513
NATURAL ALTERNATIVES FOR LIFE LLC,GREE TREE MEDICINALS,402R-00771,1090 North 2nd Street,Berthoud,80513
5B1S LLC,1859,402R-00374,231 Gregory Street,Black Hawk,80422
ALTERNATIVE HOLISTIC HEALING LLC,ROCKY MOUNTAIN ORGANICS,402R-00151,"5312 Highway 119, Unit B",Black Hawk,80422
A&A INVESTMENTS LLC,ECLIPSE CANNABIS COMPANY,402R-00734,933 Alpine Avenue Suite 2,Boulder,80304
ALPINE RAVEN INC,MAIKOH HOLISTICS,402R-00188,"2750 Glenwood Drive, Suite 8",Boulder,80304
ARTEMIS STRATEGIES INC,TERRAPIN CARE STATION,402R-00175,1795 Folsom Street,Boulder,80302
BBM ENTERPRISES LLC,HELPING HANDS HERBALS,402R-00236,"1021 Pearl Street, Suite C",Boulder,80302
BG3 INVESTMENTS LLC,DRIFT,402R-00586,"1750 30th Street, Unit 12",Boulder,80301
BG3 INVESTMENTS LLC,DRIFT,402R-00824,5190 South Boulder Road,Boulder,80303
BOLDER VENTURES LTD,THE PEACEFUL CHOICE,402R-00759,7464 Arapahoe Avenue Unit A9,Boulder,80303
BOULDER RX LLC,NATIVE ROOTS BOULDER,402R-00173,1146 Pearl Street,Boulder,80302
BOULDER WELLNESS CENTER LLC,,402R-00415,"5420 Arapahoe Avenue, Unit E",Boulder,80303
COLORADO KIND CARE LLC,THE VILLAGE GREEN SOCIETY,402R-00200,2043 16th Street,Boulder,80302
CROSSROADS WELLNESS LLC,BOULDER BOTANICS,402R-00190,"1750 30th Street, Unit 7",Boulder,80301
ECO GREEN GROW LLC,VERDE NATURAL,402R-00662,302 Pearl Street,Boulder,80302
FRESH BAKED LLC,FRESH BAKED,402R-00193,2539 Pearl Street,Boulder,80302
GOLD & T LLC,THE HEALTH CENTER,402R-00747,537 Canyon Boulevard,Boulder,80302
HEALTH SERVICES LLC,GREEN DREAM CANNABIS,402R-00553,"6700 Lookout Road, Suite #5",Boulder,80301
KARING KIND LLC,KARING KIND,402R-00176,5854 Rawhide Court,Boulder,80302
MAGNOLIA ROAD INC,MAGNOLIA ROAD CANNABIS COMPANY,402R-00327,1750 30th Street Unit 84A,Boulder,80301
MMJ AMERICA INC,BOULDER MMJ,402R-00338,1909 Broadway LL,Boulder,80302
OPTIONS MEDICAL CENTER LLC,ELEMENTS,402R-00198,1534 55th Street,Boulder,80303
OPTIONS MEDICAL CENTER WR LLC,OPTIONS,402R-00199,"5290 Arapahoe Avenue, Unit J",Boulder,80303
ORGANIC WELLNESS DISPENSARY LLC,GREEN TREE MEDICINALS,402R-00536,"5565 Arapahoe Avenue, Suite G",Boulder,80303
SKINNY PINEAPPLE INC,THE FARM,402R-00210,2801 Iris Avenue,Boulder,80301
SUSTAINABLE HEALTH LLC,14er HOLISTICS,402R-00208,"2897 Mapleton Avenue, Suite 800",Boulder,80301
THE GENETIC LOCKER INC,TERRAPIN CARE STATION,402R-00761,"5370 Manhattan Circle, Suite 104,",Boulder,80303
TRILL THERAPEUTICS LLC,TRILL ALTERNATIVES,402R-00588,"1537 Pearl Street, Suite B",Boulder,80302
ALPENGLOW BOTANICALS LLC,ALPENGLOW PREMIUM CANNABIS,402R-00074,"1805 Airport Road, Units B1B & B1C",Breckenridge,80424
BELLFLOWER LLC,ORGANIX,402R-00064,"1795 Airport Road, Suite A2,",Breckenridge,80424
BRECKENRIDGE ORGANIC THERAPY LLC,,402R-00181,"1900 Airport Road, Unit A-1",Breckenridge,80424
DRAGON PARTNERS LLC,GREEN DRAGON COLORADO,402R-00107,"1795 Airport Road, Unit A3",Breckenridge,80424
CMED LLC,ROCKY MOUNTAIN HIGH,402R-00072,"615 Buggy Circle, Unit D",Carbondale,81623
COLORADO PRODUCT SERVICES LLC,DOCTORS GARDEN,402R-00138,"580 Main Street, Suite 300",Carbondale,81623
HQ SOPRIS LLC,HIGH Q,402R-00705,922 Highway 133,Carbondale,81623
TUMBLEWEED CARBONDALE LLC,TUMBLEWEED CARBONDALE,402R-00467,304 Highway 133,Carbondale,81623
ALTERNATIVE HOLISTIC HEALING LLC,ROCKY MOUNTAIN ORGANICS,402R-00450,161 Gregory Street,Central City,80427
CENTRAL LLC,BONFIRE CANNABIS,402R-00002,135 Nevada Street,Central City,80427
IGADI LTD,IGADI,402R-00489,171 Lawrence Street,Central City,80427
ONYX LAKE HOLDINGS LLC,GOLDEN NUGGET DISPENSARY,402R-00578,127 Main Street,Central City,80427
URBAN CANNABIS II LLC,GREEN GRASS,402R-00066,440 Lawrence Street,Central City,80427
PLAIN JANE ORGANICS LLC,,402R-00754,4490 Bent Brothers Boulevard Unit B1-B2,Colorado City,81019
C3D CO,HIGHLINE,402R-00655,5846 Dahlia Street,Commerce City,80022
CGFR GROUP INC,KRYSTALEAVES,402R-00688,5301 Vasquez Boulevard Unit 101,Commerce City,80022
FRONT RANGE BOTANICAL LLC,SOUTH PARK FARMA,402R-00712,"5715 Fairfax Street, Unit C",Commerce City,80022
N&G ENTERPRISES LLC,LOUD,402R-00774,5385 Quebec Street,Commerce City,80022
SISTEM COMMERCE CITY LLC,SILVER STEM FINE CANNABIS,402R-00817,5275 Quebec Street Unit 105,Commerce City,80022
STARBUDS COMMERCE CITY LLC,STARBUDS,402R-00577,5844 Dahlia Street,Commerce City,80022
TASTEBUDZ LLC,AROMA,402R-00550,5433 Quebec Street,Commerce City,80022
CHRONIC THERAPY CORTEZ LLC,,402R-00717,1020 South Broadway Avenue,Cortez,81321
DURANGO ORGANICS LLP,DO CORTEZ,402R-00388,1104 East Main Street,Cortez,81321
GREEN KIWI 4 LLC,LIVWELL,402R-00355,1819 East Main Street,Cortez,81321
MOUNTAIN ANNIES LLC,,402R-00390,310 East Main Street,Cortez,81321
NUVUE PHARMA LLC,,402R-00779,503 Patton Street,Cortez,81321
SOUTHWEST SUNSHINE LLC,THE DOOBIE SISTERS,402R-00563,695 North Broadway,Cortez,81321
THA CORP,THE HERBAL ALTERNATIVE,402R-00353,1531 North Lebanon Road,Cortez,81321
CRESTED BUTTE WELLNESS CENTER LLC,BACKCOUNTRY CANNABIS COMPANY,402R-00228,"329 Belleview Avenue, Unit A",Crested Butte,81224
DURANGO ORGANICS LLP,DO CRESTED BUTTE,402R-00413,"310 North Belleview Avenue, Unit 2",Crested Butte,81224
HHCB LLC,HARVEST HOUSE CRESTED BUTTE,402R-00826,322 Belleview Avenue,Crested Butte,81224
PURE INDUSTRIES LLC,SOMA WELLNESS CENTER,402R-00205,423 Belleview Avenue Unit 1,Crested Butte,81224
SUN HOUSE CB LLC,SUN HOUSE,402R-00750,309 Belleview Avenue Unit 1A,Crested Butte,81224
CONSCIOUS CONNEXION LLC,HIGHER ELEVATION,402R-00692,152 Silver Avenue,Crestone,81131
BUDS LLC,,402R-00694,2034 I-70 Frontage Road,De Beque,81630
ELK MOUNTAIN TRADING POST LLC,ELK MOUNTAIN TRADING POST LLC,402R-00369,170 East 3rd Street,De Beque,81630
KUSH GARDENS LLC,KUSH GARDENS LLC,402R-00318,4550 Highway 6 and 24,De Beque,81630
TUMBLEWEED DE BEQUE LLC,TUMBLEWEED DE BEQUE,402R-00704,2185 45 1/2 Road Suite 102,De Beque,81630
COLORADOS KINDEST LLC,,402R-00786,42023 Highway 112,Del Norte,81132
1617 WAZEE STREET LLC,LODO WELLNESS CENTER,402R-00081,"1617 Wazee Street, Unit B",Denver,80202
2251SB LLC,,402R-00048,2251 South Broadway,Denver,80210
3B FEDERAL1 LLC,BUDDY BOY,402R-00664,155 North Federal Boulevard,Denver,80219
3B-38 LLC,BUDDY BOY,402R-00386,4012 West 38th Avenue,Denver,80212
4095 SHELTER LLC,EVERBLOOM,402R-00010,4095 North Jackson Street,Denver,80216
4625 E COLFAX LLC,THE CLINIC ON COLFAX,402R-00047,4625 East Colfax Avenue,Denver,80220
505 CENTER LLC,PURE MEDICAL DISPENSARY,402R-00438,505 West 40th Avenue,Denver,80216
5110 SANCTUARY LLC,EVERBLOOM,402R-00003,5110 North Race Street,Denver,80216
A CUT OFF THE TOP MEDICAL MARIJUANA LLC,,402R-00055,2059 West 9th Avenue,Denver,80204
ABUNDANT HEALTH DENVER LLC,HERBAN UNDERGROUND,402R-00237,"70 Broadway, Suite 50",Denver,80203
ALCC LLC,THE DAB BY NEXT HARVEST,402R-00137,2748 West Alameda Avenue,Denver,80219
ALPINE HERBAL WELLNESS LLC,FROSTED LEAF,402R-00187,445 North Federal Boulevard,Denver,80204
ALTERNATIVE MEDICINE ON CAPITOL HILL LLC,,402R-00013,1301 Marion Street,Denver,80218
ALTERNATIVE MEDICINE ON THE MALL LLC,NATIVE ROOTS APOTHECARY,402R-00027,"910 16th Street, Suite 805",Denver,80202
ALTITUDE WELLNESS CENTER LLC,NATURE'S HERBS AND WELLNESS DTC,402R-00130,"3435 South Yosemite Street, Suite 200",Denver,80231
AMERICAN INDUSTRY LLC,DENVER CLONE STORE,402R-00344,"755 South Federal Boulevard, Unit 4",Denver,80219
ARES STRATEGIES INC,TERRAPIN CARE STATION,402R-00142,"1 Broadway, Unit A-150",Denver,80203
ASCEND II LLC,ASCEND II,402R-00040,3555 South Yosemite Street,Denver,80237
ASPEN FOREST LLC,MARY JANE'S HOUSE,402R-00796,3899 Quentin Street,Denver,80239
BACK TO THE GARDEN HEALTH & WELLNESS CENTER LLC,,402R-00165,1755 South Broadway,Denver,80210
BALLPARK HOLISTIC DISPENSARY CORP,BALLPARK HOLISTIC DISPENSARY,402R-00253,"2119 Larimer Street, Suite 1",Denver,80205
BEYOND BROADWAY LLC,LIVWELL,402R-00166,432 South Broadway,Denver,80209
BK HOLDINGS LLC,THE HERBAL CENTER,402R-00418,12005 East 37th Avenue,Denver,80239
BK HOLDINGS LLC,THE HERBAL CENTER,402R-00601,1909 South Broadway,Denver,80210
BOTANICO INC,,402R-00053,3054 Larimer Street,Denver,80205
BUD BUM LLC,BUD BUM,402R-00075,"1325 South Inca Street, Unit A",Denver,80223
CANNABIS CORP,THE JOINT BY CANNABIS,402R-00230,4735 West 38th Avenue,Denver,80212
CANNABIS FOR HEALTH LLC,PIG N' WHISTLE,402R-00361,4801 West Colfax Avenue,Denver,80204
CANNABIS KING LLC,GREEN DRAGON COLORADO,402R-00038,930 West Byers Place,Denver,80223
CAREGIVERS FOR LIFE LLC,,402R-00086,310 Saint Paul Street,Denver,80206
CG INDUSTRY LLC,CG LABS,402R-00596,"4902 East Smith Road, Unit C",Denver,80216
CG INDUSTRY LLC,CROSS GENETICS,402R-00767,2440 West Evans Avenue,Denver,80219
CITI-MED LLC,STARBUDS,402R-00022,1640 East Evans Avenue,Denver,80210
CJJ SERVICES LLC,SACRED SEED,402R-00037,5885 East Evans Avenue,Denver,80222
CO-AGRONOMICS LLC,THE GREEN DEPOT,402R-00144,2020 South Broadway,Denver,80210
COLORADO CANNABIS COMPANY LLC,PURE MARIJUANA DISPENSARY,402R-00396,1133 Bannock Street,Denver,80204
COLORADO FARMS INC,LIGHTSHADE,402R-00163,11975 East 40th Avenue,Denver,80239
COLORADO HEALTH CONSULTANTS LLC,STARBUDS,402R-00021,4690 Brighton Boulevard,Denver,80216
COMPASSIONATE CARE GIVERS INC,CANNABIS STATION,402R-00068,1201 20th Street,Denver,80202
COMPASSIONATE CARE GIVERS INC,ROCKY MOUNTAIN HIGH,402R-00069,1233 West Alameda Avenue,Denver,80223
COMPASSIONATE CARE GIVERS INC,ROCKY MOUNTAIN HIGH,402R-00070,1538 Wazee Street Suit 100,Denver,80202
CONCENTRATE LLC,WOLFPAC CANNABIS,402R-00006,74 North Federal Boulevard,Denver,80219
CURE MEDICAL PHARM INC,RIVERROCK,402R-00126,990 West 6th Avenue Suite #5,Denver,80204
D & D CONSULTING INC,SOUTHWEST ALTERNATIVE CARE FOX ST,402R-00544,1075 South Fox Street,Denver,80223
DELTA-9 DELIGHTS LLC,REEFER MADNESS,402R-00104,4401 East 46th Avenue Unit  B,Denver,80216
DENCO LLC,,402R-00060,"3480 Park Avenue West, Unit B",Denver,80216
DENCO LLC,,402R-00345,5155 East 46th Avenue,Denver,80216
DENVER DISPENSARY LLC,DENVER DISPENSARY,402R-00084,4975 North asquez Boulevard,Denver,80216
DENVER PATIENTS GROUP LLC,LIVWELL,402R-00167,2863 Larimer Street,Denver,80205
DGS INC,THE KIND ROOM,402R-00012,1881 South Broadway,Denver,80210
DISCOUNT MEDICAL MARIJUANA LLC,HIGH LEVEL HEALTH,402R-00082,2028 East Colfax Avenue,Denver,80206
DISCOUNT MEDICAL MARIJUANA LLC,HIGH LEVEL HEALTH,402R-00083,970 North Lincoln Street,Denver,80203
DJR COLORADO LLC,HIGH LEVEL HEALTH,402R-00054,"1620 Market Street, Suite 5W",Denver,80202
DKC LLC,DENVER KUSH CLUB,402R-00026,2615 Welton Street,Denver,80205
DOCTORS ORDERS LLC,DOCTORS ORDERS,402R-00039,1406 West 38th Avenue,Denver,80211
DRAGON PARTNERS LLC,GREEN DRAGON COLORADO,402R-00046,5130 East Colfax Avenue,Denver,80220
E2T2 LLC,DIEGO PELLICER,402R-00096,2057 South Broadway,Denver,80210
FOX STREET WELLNESS LLC,FOX CANNABIS,402R-00192,4773 North Fox Street,Denver,80216
FUTUREVISION LTD,MEDICINE MAN,402R-00034,4750 Nome Street,Denver,80239
GANJA GOURMET LLC,GANJA GOURMET,402R-00103,1810 South Broadway,Denver,80210
GAS AND GRASS LLC,ROLLUP,402R-00218,"4500 North Washington Street, Unit B",Denver,80216
GM SANTA FE LLC,GOLDEN MEDS,402R-00121,"1410 South Santa Fe Drive,",Denver,80223
GMC LLC,GREEN MAN CANNABIS,402R-00152,"1355 North Santa Fe Drive, Suite F",Denver,80204
GMC LLC,GREEN MAN CANNABIS,402R-00373,7289 East Hampden Avenue,Denver,80224
GOLDEN MEDS INC,GM ENTERPRISE INC,402R-00062,4620 Peoria Street,Denver,80239
GREEN AROUND YOU LLC,GOLDEN MEDS INC,402R-00430,"970 South Oneida Street, Unit 15",Denver,80224
GREEN CROSS LLC,GREEN CROSS OF CHERRY CREEK,402R-00814,3400 South Oneida Way Suite 101,Denver,80224
GREEN FIELDS LLC,GREENFIELDS,402R-00492,1798 West Mississippi Avenue,Denver,80223
GREEN KIWI 1 LLC,LIVWELL,402R-00454,3955 Oneida Street,Denver,80207
GREEN KIWI 2 LLC,LIVWELL,402R-00111,"3980 Franklin Street, Unit 101",Denver,80205
GREEN KIWI 2 LLC,LIVWELL,402R-00112,1660 North Pearl Street,Denver,80203
GREENER PASTURE COMPASSION CENTER LLC,VERDE NATURAL,402R-00676,5101 East Colfax Avenue,Denver,80220
GT VENTURES I LLC,PANDO,402R-00005,"777 Canosa Court, Unit 102",Denver,80204
HADCAV ENTERPRISES INC,PURE MARIJUANA DISPENSARY,402R-00457,5702 East Colfax Avenue,Denver,80220
HEALTH DEPOT LLC,STICKY BUDS BROADWAY,402R-00101,2262 South Broadway,Denver,80210
HEALTH DEPOT LLC,STICKY BUDS COLFAX,402R-00238,4615 East Colfax Avenue,Denver,80220
HERBAL ALTERNATIVES LLC,NEW BROADSTERDAM,402R-00148,2568 South Broadway,Denver,80210
HERBAL HEALTH LLC,LOCAL PRODUCT OF COLORADO,402R-00543,419 West 13th Avenue,Denver,80204
HG LTD,HIGHER GRADE,402R-00105,1269 Elati Street,Denver,80204
HIGH COUNTRY SUPPLY LLC,COLORADO HARVEST COMPANY,402R-00077,1178 South Kalamath Street,Denver,80223
HIGH COUNTRY SUPPLY LLC,COLORADO HARVEST COMPANY,402R-00078,1568 South Broadway,Denver,80210
HIGH STREET GROWERS LLC,HIGH STREET GROWERS LLC,402R-00164,330 Federal Boulevard,Denver,80219
HIGHLANDS WELLNESS CENTER LLC,THE CLINIC HIGHLANDS,402R-00042,3460 West 32nd Avenue,Denver,80211
HOBBY FARMS LLC,A CUT ABOVE,402R-00587,1911 South Broadway,Denver,80210
HOLLY MEDICINAL SERVICES LLC,THE CLINIC ON COLORADO,402R-00079,2020 South Colorado Boulevard,Denver,80222
JGB VENTURES LLC,DANK,402R-00004,"3835 Elm Street, Unit C",Denver,80207
JOIS LLC,SILVER STEM FINE CANNABIS,402R-00135,3702 West Quincy Avenue,Denver,80236
JS INVESTMENTS LLC,EUFLORA,402R-00056,"403 16th Street, Suite 1",Denver,80202
JVJC HOLDINGS II LLC,,402R-00408,105 East 7th Avenue,Denver,80203
JVJC HOLDINGS III LLC,,402R-00191,5194 North Washington Street,Denver,80216
JVT ENTERPRISES INC,COLORADO CANNABIS CONNECTION,402R-00590,4550 South Kipling Street #4,Denver,80127
JW COLORADO LLC,TWEEDLEAF,402R-00807,6299 Federal Boulevard,Denver,80221
KARMACEUTICALS LLC,KARMACEUTICALS,402R-00744,4 South Santa Fe Drive,Denver,80223
KAZIMER LLC,BUD CELLAR,402R-00071,6666 East Stapleton South Drive,Denver,80216
KGBI COLORADO LLC,SPARK DISPENSARY,402R-00758,3900 East 48th Avenue,Denver,80216
KTA LLC,THE LODGE,402R-00548,82 South Federal Boulevard,Denver,80219
KTA LLC,THE LODGE,402R-00614,3944 High Street,Denver,80205
L3ASTOCKCOMPLEX LLC,EUFLORA,402R-00007,4305 North Brighton Boulevard,Denver,80216
LBW CONSULTING GROUP LLC,SEED & SMITH,402R-00677,5070 North Oakland Street,Denver,80239
L'EAGLE SERVICES LLC,L'EAGLE,402R-00207,380 Quivas Street,Denver,80223
LEVELS IV INC,,402R-00592,5201 West 48th Avenue,Denver,80212
LIGHTSHADE LABS LLC,LIGHTSHADE,402R-00073,3950 Holly Street,Denver,80207
LIGHTSHADE LABS LLC,LIGHTSHADE,402R-00106,330 South Dayton Street,Denver,80247
LIGHTSHADE LABS LLC,LIGHTSHADE,402R-00360,1126 South Sheridan Boulevard,Denver,80232
LIGHTSHADE LABS LLC,LIGHTSHADE,402R-00479,745 East 6th Avenue,Denver,80203
LITTLE MAN 54 LLC,TOKIN,402R-00823,3819 Quentin Street,Denver,80239
LIVWELL III LLC,LIVWELL,402R-00168,1941 West Evans Avenue,Denver,80223
LUCKY TICKET LLC,STARBUDS,402R-00446,"1451 Cortez Street, Unit A,",Denver,80221
LYONS FINEST CONFIDENTIAL CARE LLC,TUMBLEWEED,402R-00736,11080 East 47th Avenue,Denver,80239
MAGNA MARKETING INC,HERBS 4 YOU,402R-00076,20 East 9th Avenue,Denver,80203
MAYFLOWER GROUP LLC,THE HEALTH CENTER,402R-00017,1736 Downing Street,Denver,80218
MEDICINAL WELLNESS CENTER LLC,OASIS CANNABIS SUPERSTORE,402R-00099,6359 East Evans Avenue,Denver,80222
METRO CANNABIS INC,SILVER STEM FINE CANNABIS,402R-00102,8151 East Colfax Avenue,Denver,80220
MHFS LLC,GOOD CHEMISTRY,402R-00733,"2563 15th Street, Suite 103",Denver,80211
MILE HIGH DISPENSARY LLC,MILE HIGH DISPENSARY,402R-00419,"1350 South Sheridan Boulevard, Unit 1 & 2,",Denver,80232
MILE HIGH MEDICAL CANNABIS LLC,LIT,402R-00045,1630 North Federal Boulevard,Denver,80204
MILE HIGH MEDICAL LLC,MMJ AMERICA UPTOWN,402R-00019,2042 Arapahoe Street,Denver,80205
MILE HIGH THERAPEUTIC NETWORK LLC,ALTITUDE WEST,402R-00011,1568 South Federal Boulevard,Denver,80219
MILE HIGH WELLNESS II LLC,MILE HIGH WELLNESS-GREEN STREET,402R-00445,2291 South Kalamath Street,Denver,80223
MJLQ LLC,WHOLE MEDS,402R-00495,3450 Brighton Boulevard,Denver,80216
MJM HOLDINGS LIMITED,STICKY FINGERZ,402R-00656,3954 North Williams Street,Denver,80205
MMRD LLC,,402R-00769,1250 Grant Street,Denver,80203
NATURES CURE III LLC,THE COLFAX POT SHOP,402R-00030,1500 East Colfax Avenue,Denver,80218
NUTRITIONAL ELEMENTS LLC,THE HEALTH CENTER,402R-00020,2777 South Colorado Boulevard,Denver,80222
PEAK HOLDINGS GROUP LLC,PEAK DISPENSARY,402R-00340,260 Broadway,Denver,80203
PERSONALIZED ORGANIC TREATMENTS LLC,CANNA BOTICA,402R-00764,219 North Vallejo Street,Denver,80223
PG RETAIL I LLC,MILE HIGH GREEN CROSS,402R-00449,852 North Broadway,Denver,80203
PINEAPPLE EXCHANGE LLC,PINEAPPLE EXCHANGE,402R-00756,2895 West 8th Avenue,Denver,80204
PIONEER INTEREST COLFAX LLC,,402R-00400,3121 East Colfax Avenue,Denver,80206
PLATTE VALLEY DISPENSARY LLC,PLATTE VALLEY DISPENSARY,402R-00224,"2301 7th Street, Suite B",Denver,80211
PRIMA BRANDS LLC,PRIMA CANNABIS COMPANY,402R-00465,4571 North Ivy Street,Denver,80216
RD INDUSTRIES II LLC,HOUSE OF DANKNESS,402R-00044,10555 East 45th Avenue,Denver,80239
RIA HOLDINGS LIMITED,LAUGHING GRASS,402R-00729,1110 West Virginia Avenue Unit 1,Denver,80223
RINO SUPPLY CO INC,,402R-00790,3100 Blake Street,Denver,80205
RIVERROCK LLC,RIVERROCK,402R-00125,4935 North York Street,Denver,80216
RJJ ADAMS LLC,NATIVE ROOTS NORTH DENVER,402R-00493,620 East 58th Avenue,Denver,80216
RJJ HIGHLANDS LLC,NATIVE ROOTS HIGHLANDS,402R-00368,2209 West 32nd Avenue,Denver,80211
RJJ MORRISON II LLC,NATIVE ROOTS COLORADO BLVD,402R-00049,4000 Morrison Road,Denver,80219
RJJ SANTA FE LLC,NATIVE ROOTS SANTA FE,402R-00484,2645 South Santa Fe Drive Units D & E,Denver,80223
RJJ SHERIDAN LLC,NATIVE ROOTS LITTLETON,402R-00380,7870 West Quincy Avenue,Denver,80123
RJJ TOWER LLC,NATIVE ROOTS DENVER AIRPORT,402R-00696,7050 Tower Road,Denver,80249
RME GROUP LLC,AFFINITY,402R-00519,7739 East Colfax Avenue,Denver,80220
ROYAL ASSET MANAGEMENT LLC,DIEGO PELLICER,402R-00540,2949 West Alameda Avenue,Denver,80219
SERENITY MOON WELLNESS CENTER LLC,FROSTED LEAF,402R-00186,399 South Harrison Street,Denver,80209
SERENITY MOON WELLNESS CENTER LLC,FROSTED LEAF,402R-00240,6302 East Colfax Avenue,Denver,80220
SHRED INVESTMENTS LLC,HIGH WEST CANNABIS,402R-00498,"10625 East 51st Avenue, Unit 100",Denver,80239
SIMPLY PURE COLORADO LLC,SIMPLY PURE,402R-00510,2000 West 32nd Avenue,Denver,80211
SISSCO LLC,TRENCHTOWN,402R-00251,734 Sheridan Boulevard,Denver,80214
SMOKED COLORADO INC,MIGHTY TREE,402R-00600,2268 South Delaware Street,Denver,80223
SOUTHWEST ALTERNATIVE CARE LLC,KAYA,402R-00515,3937 West Colfax Avenue,Denver,80204
STONE T.M.C. LLC,THE STONE DISPENSARY,402R-00494,4820 Morrison Road,Denver,80219
SUMMIT WELLNESS,DEN REC DENVER RECREATIONAL DISPENSARY,402R-00133,"2117 Larimer Street, Unit 1",Denver,80205
SUMMIT WELLNESS,DEN REC DENVER RECREATIONAL DISPENSARY,402R-00646,2042 South Bannock Street,Denver,80223
SWEETWATER PARTNERS LLC,GOOD CHEMISTRY,402R-00031,330 East Colfax Avenue,Denver,80203
SWEETWATER PARTNERS LLC,GOOD CHEMISTRY,402R-00032,1724 South Broadway,Denver,80210
TETRAHYDROCENTER LLC,TETRAHYDROCENTER,402R-00059,9206 East Hampden Avenue,Denver,80231
THE GIVING TREE OF DENVER LLC,,402R-00113,2707 West 38th Avenue,Denver,80211
THE GREEN SOLUTION LLC,,402R-00015,4400 Grape Street,Denver,80216
THE GREEN SOLUTION LLC,,402R-00016,2601 West Alameda Avenue,Denver,80219
THE GREEN SOLUTION LLC,,402R-00474,6681 Federal Boulevard,Denver,80221
THE GREEN SOLUTION LLC,,402R-00700,1995 Wewatta Street,Denver,80202
THE HERBAL CURE LLC,,402R-00139,985 South Logan Street,Denver,80209
THE OUNCE DEPOT LLC,THE FARMERS MARKET,402R-00409,2070 South Huron Street,Denver,80223
TIMBERLINE HERBAL CLINIC AND WELLNESS CENTER LLC,,402R-00087,3995 East 50th Avenue,Denver,80216
TREATMENTS UNLIMITED LLC,ALTITUDE EAST,402R-00024,6858 East Evans Avenue,Denver,80224
TRILL EVOLUTIONS LLC,TRILL EVOLUTIONS,402R-00608,5550 Joliet Street,Denver,80239
TWOG FEDERAL LLC,BUDDY BOY,402R-00603,2426 South Federal Boulevard,Denver,80219
TWOG-WALNUT LLC,BUDDY BOY,402R-00385,3814 Walnut Street,Denver,80205
TWOG-YORK LLC,BUDDY BOY,402R-00412,5050 North York Street,Denver,80216
UNIVERSAL HERBS LLC,UNIVERSAL HERBS,402R-00573,"755 South Jason Street, Unit 100",Denver,80223
UNIVERSAL HERBS LLC,UNIVERSAL HERBS,402R-00602,800 Park Avenue West,Denver,80205
URBAN CANNABIS II LLC,HEALING HOUSE,402R-00041,2383 South Downing Street,Denver,80210
URBAN HEALTH & WELLNESS INC,URBAN DISPENSARY,402R-00458,2675 West 38th Avenue,Denver,80211
VITA MEDS LLC,MR NICE GUYS,402R-00500,4501 Adams Street,Denver,80216
WALKING RAVEN II LLC,WALKING RAVEN,402R-00058,2001 South Broadway,Denver,80210
WANNA LLC,NORTHERN LIGHTS CANNABIS CO,402R-00100,183 West Alameda Avenue,Denver,80223
WASH PARK BOUTIQUE LLC,LUCY SKY CANNABIS BOUTIQUE,402R-00159,2215 East Mississippi Avenue,Denver,80210
WASH PARK BOUTIQUE LLC,LUCY SKY CANNABIS BOUTIQUE,402R-00497,2394 South Broadway,Denver,80210
WDG INC,BEMINDFUL,402R-00085,5926 East Colfax Avenue,Denver,80220
WELLNESS CENTER OF THE ROCKIES INC,,402R-00399,6853 Leetsdale Drive,Denver,80224
YUMA WAY LLC,1136 YUMA,402R-00613,1136 North Yuma Court,Denver,80204
ALPENGLOW BOTANICALS LLC,,402R-00365,765 West Anemone Trail Unit C,Dillon,80435
MODERN MEDICINE LLC,ALTITUDE ORGANIC CANNABIS,402R-00394,817 Little Beaver Trail,Dillon,80435
RJJ DILLON LLC,NATIVE ROOTS DILLON,402R-00434,850 Little Beaver Trail,Dillon,80435
DINO DISPENSARY LLC,DINO DISPENSARY,402R-00746,800 East 3rd Street,Dinosaur,81610
DINO TREATS LLC,DINO TREATS,402R-00762,102 Tyrannosaurus Trail,Dinosaur,81610
NORTHWEST CANNABIS INC,ROCKY MOUNTAIN CANNABIS,402R-00699,420 East Brontosaurus Boulevard,Dinosaur,81610
DJR COLORADO LLC,HIGH LEVEL HEALTH,402R-00180,1221 County Road 308,Dumont,80436
SOFA KING MEDICINAL WELLNESS PRODUCTS LLC,SKM,402R-00777,1181 County Road 308,Dumont,80436
TRI CITY PARTNERS LLC,STRAWBERRY FIELDS,402R-00145,909 County Road 308,Dumont,80436
ANIMAS HERBAL WELLNESS CENTER INC,PROHIBITION HERB,402R-00261,1185 Camino Del Rio,Durango,81301
DP & D HOLDINGS LLC,DURANGO REC ROOM,402R-00530,"145 East College Drive, Units 1, 2, 3, 4 & 5",Durango,81301
DURANGO ALTERNATIVE LLC,ROCKY MOUNTAIN HIGH,402R-00404,120 East 36th Street,Durango,81301
DURANGO ORGANICS LLP,,402R-00243,72 Suttle Street Unit G,Durango,81303
DURANGO ORGANICS LLP,,402R-00683,37 County Road 232,Durango,81303
GREEN STREET DISPENSARY LLC,THE GREENERY,402R-00422,208 Parker Avenue Suite E,Durango,81303
INDOOR HORTICULTURE CENTERS LLC,SANTE ALTERNATIVE WELLNESS,402R-00336,742 1/2 Main Avenue,Durango,81301
JWJ INC,THE GREEN HOUSE DURANGO,402R-00829,730 South Camino Del Rio,Durango,81301
KINFOLK FARMS LLC,KINFOLK FARMS,402R-00798,83 Davidson Creek Road,Durango,81301
MAMMOTH FARMS LLC,,402R-00787,927 Highway 3,Durango,81301
MOUNTAIN ANNIES LLC,,402R-00480,1644 County Road 203,Durango,81301
NEW WORLD ALTERNATIVE HEALTHCARE LLC,TELLURIDE BUD COMPANY,402R-00402,"3473 Main Avenue, Units 10 &11",Durango,81301
THE ACCEPTUS GROUP LLC,COLORADO GROW COMPANY,402R-00343,965 1/2  Main Avenue,Durango,81301
SWEET LEAF PIONEER LLC,,402R-00211,825 A Chambers Avenue,Eagle,81631
BUD MED HEALTH CENTERS LLC,LIVE GREEN CANNABIS,402R-00050,2517 Sheridan Boulevard,Edgewater,80214
GREENWERKZ LLC,GREEN DRAGON COLORADO,402R-00094,"2467 Sheridan Bouldevard, Unit B",Edgewater,80214
PIONEER INTERESTS SHERIDAN LLC,NORTHERN LIGHTS CANNABIS CO,402R-00043,"2045 Sheridan Boulevard, Unit B",Edgewater,80214
PRIMA BRANDS LLC,PRIMA CANNABIS COMPANY,402R-00179,2553 Sheridan Boulevard,Edgewater,80214
RJJ EDGEWATER LLC,NATIVE ROOTS EDGEWATER,402R-00335,5610 West 20th Avenue,Edgewater,80214
THE GREEN SOLUTION LLC,,402R-00298,6020 West 20th Avenue,Edgewater,80214
NEW HOPE WELLNESS CENTER LLC,TUMBLEWEED DISPENSARY EDWARDS,402R-00257,"57 Edwards Access Road, Units 19 & 20",Edwards,81632
RFSCED LLC,ROOTSRX,402R-00571,"210 Edwards Village Boulevard, Suite B110,",Edwards,81632
SERENE WELLNESS LLC,,402R-00065,13 East Park Avenue,Empire,80438
SERENE WELLNESS MEDICAL LLC,,402R-00776,433 East Park Avenue,Empire,80438
BGOOD VENTURES LLC,BGOOD,402R-00809,11 West Hampden Aveunue #102,Englewood,80110
NATURES KISS CANNABIS SERVICES HEALTH & WELLNESS,NATURES KISS,402R-00659,4332 South Broadway,Englewood,80113
TDM LLC,TREES,402R-00652,5005 South Federal Boulevard,Englewood,80110
WISE CANNABIS CO LLC,,402R-00531,21950 Highway 285,Fairplay,80440
BGOOD VENTURES LLC,BGOOD,402R-00766,8860 Federal Boulevard Unit #66E,Federal Heights,80260
BROW ACQUISITIONS FEDERAL HEIGHTS LLC,XCLUSIVE CANNABIS,402R-00687,9462 North Federal Boulevard,Federal Heights,80260
GREEN SATIVA LLC,,402R-00697,"8411 Pecos Street, Unit H",Federal Heights,80260
KEW LLC,STARBUDS,402R-00691,"9000 Federal Boulevard, Unit B",Federal Heights,80260
LIGHTSHADE LABS LLC,LIGHTSHADE,402R-00684,9364 Federal Boulevard,Federal Heights,80260
ACES PLACE LLC,,402R-00502,"1101 Academy Court, Unit 4",Fort Collins,80524
CHOICE ORGANICS INC,,402R-00033,"813 Smithfield Drive, Units C & D",Fort Collins,80524
ELITE ORGANICS LLC,ELITE ORGANICS,402R-00255,"804 South College Avenue, Suite C",Fort Collins,80524
FLOWER POWER BOTANICALS LLC,,402R-00150,1308 -1310 Duff Drive,Fort Collins,80524
GREEN MEDICALS WELLNESS CENTER #5 LLC,SMOKEY'S,402R-00554,"5740 South College Avenue, Unit C",Fort Collins,80525
KIND CARE OF COLORADO LLC,KIND CARE OF COLORADO,402R-00516,6617 South College Avenue Building A,Fort Collins,80525
LIVWELL VII LLC,LIVWELL,402R-00235,900 North College Avenue,Fort Collins,80524
NATURAL ALTERNATIVES FOR HEALTH LLC,,402R-00477,6712 South College Avenue,Fort Collins,80525
ORGANIC ALTERNATIVES INC,ORGANIC ALTERNATIVES,402R-00220,346 East Mountain Avenue,Fort Collins,80524
SOLACE MEDS LLC,,402R-00239,"301 Smokey Street, Unit A",Fort Collins,80525
THE GREEN SOLUTION LLC,,402R-00501,810 North College Avenue,Fort Collins,80524
VERTS LLC,VERTICAL,402R-00545,"1240 West Elizabeth Street, Unit C & D",Fort Collins,80521
GM INC,GREEN WORLD,402R-00249,401 4th Avenue,Fort Garland,81133
SOUTHERN COLORADO CANNABIS CLUB LLC,,402R-00508,29577 Highway 159,Fort Garland,81133
EMPIRE DEVELOPMENT INC,ROCKY MOUNTAIN CANNABIS,402R-00312,228 Byers Avenue,Fraser,80442
SISTEM FRASER LLC,SILVER STEM FINE CANNABIS,402R-00366,"511 Zerex Street, Suite 203",Fraser,80442
RJJ FRISCO LLC,NATIVE ROOTS FRISCO,402R-00363,861 North Summit Boulevard,Frisco,80443
TUMBLEWEED FRISCO LLC,TUMBLEWEED FRISCO,402R-00124,"842 North Summit Boulevard, Suite 13",Frisco,80443
CANNABIS CARE WELLNESS CENTERS LLC,SMOKEYS,402R-00169,2515 7th Avenue,Garden City,80631
LIVWELL I LLC,LIVWELL,402R-00194,"2647 8th Avenue, Unit B",Garden City,80631
NATURES HERBS & WELLNESS CENTER,,402R-00052,540  27th Street,Garden City,80631
XG PLATINUM CORPORATION,,402R-00122,2506  6th Avenue,Garden City,80631
AREN & DAVES DREAM LLC,SERGEANT GREEN LEAF,402R-00131,1410 Argentine Street,Georgetown,80444
IEROS LLC,LIFE FLOWER DISPENSARY LLC,402R-00481,4966 Leetsdale Drive,Glendale,80246
KIND LOVE LLC,KIND LOVE,402R-00370,4380 East Alameda Avenue,Glendale,80246
RESERVE1 LLC,EMERALD FIELDS,402R-00376,"4182 East Virginia Avenue, Unit C",Glendale,80246
SMOKING GUN LLC,SMOKINGUN APOTHECARY,402R-00262,492 South Colorado Boulevard,Glendale,80246
THE GREEN SOLUTION LLC,,402R-00654,4151 East Kentucky Avenue,Glendale,80246
YUMA WAY LLC,CHERRY PEAK,402R-00460,4601 East Mississippi Avenue,Glendale,80246
COLORADO PRODUCT SERVICES LLC,DOCTORS GARDEN,402R-00674,716 Grand Avenue,Glenwood Springs,81601
GLENWOOD STATION LLC,The Station,402R-00788,172 West 6th Street,Glenwood Springs,81601
GREEN ESSENTIALS MEDICAL LLC,GREEN DRAGON COLORADO,402R-00189,1420 Devereux Road,Glenwood Springs,81601
GREEN MEDICINE LLC,THE GREEN JOINT,402R-00212,1030 Grand Avenue,Glenwood Springs,81601
GREENWERKZ LLC,GREEN DRAGON COLORADO,402R-00174,2922 South Glen Avenue,Glenwood Springs,81601
MARTINS NATURAL MEDICINALS LLC,,402R-00462,"216 6th Street, Suite A",Glenwood Springs,81601
OSIRIS LLC,BEST DAY EVER,402R-00486,2150 Devereux Road,Glenwood Springs,81601
THE GREEN SOLUTION LLC,,402R-00742,51701 Highway 6 & 24,Glenwood Springs,81601
GRANT CO LLC,SOUTH PARK FARMA,402R-00679,49348 US Highway 285,Grant,80448
FROZEN SMOKE DISPENSARY LLC,FROZEN SMOKE DISPENSARY,402R-00615,"500 West Highway 50, Unit 103",Gunnison,81230
GUNNISON CANNABIS LLC,ROCKY MOUNTAIN CANNABIS,402R-00509,901 West New York Avenue,Gunnison,81230
MISSKAT INC,FROSTY LEAF,402R-00521,"500 West Highway 50, Suite 102",Gunnison,81230
NUVUE PHARMA LLC,,402R-00828,1003 West Tomichi Avenue,Gunnison,81230
PURE INDUSTRIES LLC,SOMA WELLNESS CENTER,402R-00499,500 West Highway 50 Unit 101,Gunnison,81230
RFSCG LLC,ROOTS RX,402R-00505,1198 B North Main Street,Gunnison,81230
THE COLORADO CANNABIS CABIN LLC,CABIN CANNABIS,402R-00533,650 B South 11th Street,Gunnison,81230
WHITE PORCH LLC,HASHISH HUT,402R-00538,827 North Main Street,Gunnison,81230
IDAHO SPRINGS LLC,BONFIRE CANNABIS,402R-00035,15 Colorado Boulevard,Idaho Springs,80452
IGADI LTD,IGADI,402R-00115,2818 Colorado Boulevard,Idaho Springs,80452
MOUNTAIN MEDICINALS INC,MOUNTAIN MEDICINIALS RETAIL CENTER,402R-00161,2313 Colorado Boulevard,Idaho Springs,80452
COMPLETE RELEAF CO LLC,COMPLETE RELEAF,402R-00703,"1669 Coal Creek Drive, Suite A",Lafayette,80026
HERBAL WELLNESS LLC,HERBAL WELLNESS LLC,402R-00215,"400 West South Boulder Road, Suite 2700",Lafayette,80026
NINE POUND HAMMER LLC,IGADI,402R-00678,1325 South Public Road,Lafayette,80026
CHETTY CONSULTING LLC,WILD WILD WEED,402R-00830,335 6th Street,Las Animas,81054
JEM DUTCH ACRES LLC,EARLS,402R-00108,115 Harrison Avenue,Leadville,80461
PBVILLE LLC,FLOYD'S FINE CANNABIS,402R-00170,113 East 7th Street,Leadville,80461
RFSCLV LLC,ROOTSRX,402R-00362,145 Front Street,Leadville,80461
DABBINGTON LLC,DABBINGTON,402R-00811,206 Elm Drive,Log Lane Village,80705
HIGH PLAINS STRAINS LLC,HIGH PLAINZ STRAINS & DISPENSARY LLC,402R-00488,17280 North Frontage Road,Log Lane Village,80705
LARSEN GROUP LLC,THE GREEN STOP,402R-00252,"130 Maine Street, Unit B",Log Lane Village,80705
NATURES HERBS & WELLNESS CENTER II,,402R-00341,17224 North Frontage Road,Log Lane Village,80705
ANCIENT ALTERNATIVES LLC,GREEN TREE MEDICINALS,402R-00535,12626 North 107 Street,Longmont,80504
CHIMERA STRATEGIES INC,TERRAPIN CARE STATION,402R-00716,650 20th Avenue,Longmont,80501
CO & RO PARTNERS LLC,EUFLORA,402R-00707,250 South Main Street,Longmont,80501
LM MJC LLC,STARBUDS LONGMONT,402R-00708,7521 Ute Highway,Longmont,80503
MEDICINE MAN LONGMONT LLC,MEDICINE MAN LONGMONT,402R-00724,500 East Rogers Road,Longmont,80501
RJJ LONGMONT LLC,NATIVE ROOTS LONGMONT,402R-00416,19 South Sunset Street,Longmont,80501
THE GREEN SOLUTION LLC,,402R-00718,206 South Main Street,Longmont,80501
WHISPER CONSULTING GROUP LLC,ELEVATED STRAINS,402R-00749,9800 North 119th Street,Longmont,80501
YUMA WAY LLC,TWIN PEAKS DISPENSARY,402R-00730,900 South Hover Street Unit A,Longmont,80501
ZENGOLDS LLC,,402R-00367,4497 Ute Highway,Longmont,80503
COMPASSIONATE PAIN MANAGEMENT LLC,AJOYA,402R-00203,"1100 West Dillon Road, Unit D-3,",Louisville,80027
J2H2 HOLDINGS LLC,THE GREEN ROOM,402R-00794,972 West Dillon Road,Louisville,80027
J2H2 HOLDINGS LLC,THE GREEN ROOM,402R-00816,1063 Courtesy Road,Louisville,80027
LITTLE LEMON LLC,LITTLE LEMON,402R-00827,1655 Courtesy Road,Louisville,80027
STARBUDS LOUISVILLE LLC,STARBUDS,402R-00214,"1156 West Dillon Road, Unit 3",Louisville,80027
BBM ENTERPRISES LLC,,402R-00358,"138 Main Street, Unit 6A",Lyons,80540
HIGH CULTURE LLC,HIGH CULTURE CANNABIS,402R-00772,4170 Ute Highway,Lyons,80540
LYONS FINEST CONFIDENTIAL CARE LLC,TUMBLEWEED,402R-00464,4071 Ute Highway,Lyons,80540
BLEND LLC,,402R-00706,198 East Frontage Road,Mancos,81328
GREEN KIWI 5 LLC,LIVWELL,402R-00356,449 Railroad Avenue,Mancos,81328
WILLOW NORTH INC,BUD FARM,402R-00432,385 North Willow,Mancos,81328
MAGGIES FARM LLC,,402R-00229,141 Manitou Avenue,Manitou Springs,80829
RESERVE1 MANITOU LLC,EMERALD FIELDS,402R-00375,27 Manitou Avenue,Manitou Springs,80829
NATURES HERBS & WELLNESS CENTER III LLC,NATURES HERBS & WELLNESS CENTER III,402R-00735,3220 Center Drive,Milliken,80543
1-11 LLC,ONE:ELEVEN,402R-00581,17034 Highway 17,Moffat,81143
ACADEMY OF THE HEALING ARTS LLC,HIGH VALLEY RETAIL CANNABIS,402R-00232,60250 County Road T,Moffat,81143
DRAGON PARTNERS LLC,GREEN DRAGON COLORADO,402R-00387,4103 Sheridan Boulevard,Mountain View,80212
EAGLE RIVER INVESTMENTS LLC,,402R-00818,5238 West 44th Avenue,Mountain View,80212
MEDICINAL WELLNESS CENTER LLC,OASIS CANNABIS SUPERSTORE,402R-00098,5440 West 44th Avenue,Mountain View,80212
SOUTHWEST TRADING CORP,ROCKY MOUNTAIN CANNABIS,402R-00825,138 East Main Street,Naturita,81422
TELLURIDE GREEN ROOM LLC,NATURITA GREEN ROOM,402R-00815,340 West Main Street,Naturita,81422
APEX INDUSTRIES INC,HARVEST HOUSE,402R-00406,211 South Highway 119,Nederland,80466
IGADI LTD,IGADI,402R-00461,"150 North Jefferson Street, Units B3 & B7",Nederland,80466
O LIMITED,SILVER STEM FINE CANNABIS,402R-00116,"1 West 1st Street, Unit 1D",Nederland,80466
STARBUDS NIWOT LLC,STARBUDS,402R-00701,6924 North 79th Street,Niwot,80503
AJO HOLDINGS LLC,NATURAL SELECTIONS,402R-00417,920 West 104th Avenue,Northglenn,80234
BOTANACARE LLC,BGOOD,402R-00132,"11450 Cherokee Street, Unit A6 & A7",Northglenn,80234
GREEN LIFE SOLUTIONS LLC,GREEN TREE MEDICINALS,402R-00337,"10575 Melody Drive, Suite 101",Northglenn,80234
IGADI LTD,IGADI,402R-00529,11919 Washington Street,Northglenn,80233
PHYSICIAN PREFERRED PRODUCTS LLC,DOCS APOTHECARY,402R-00146,2100 East 112th Avenue Unit 5,Northglenn,80233
THE GREEN SOLUTION LLC,,402R-00014,470 Malley Drive,Northglenn,80233
VILLAGE RETAIL LLC,BLUE HERON DISPENSARY,402R-00483,"100 West Main Street, Unit A",Oak Creek,80467
MESA ORGANICS II LTD,MESA ORGANICS - ORDWAY,402R-00792,"611 East 6th Street, Suite A",Ordway,81063
ORION BUSINESS INVESTMENTS LLC,WILD WILD WEED,402R-00770,114 East 2nd Street,Ordway,81063
B & B LTD LLC,SMOKE RINGS,402R-00789,266 East Pagosa Street,Pagosa Springs,81147
DELANY & ASSOCIATES LLC,GOOD EARTH MEDS,402R-00247,"600 Cloman Boulevard, Suite 1 & 2",Pagosa Springs,81147
J and J ENTERPRISES INC,PAGOSA THERAPEUTICS,402R-00263,235 Bastille Drive,Pagosa Springs,81147
J and J ENTERPRISES INC,THE GREEN HOUSE,402R-00534,270 East Pagosa Street,Pagosa Springs,81147
JOE CAL ENTERPRISES INC,PAGOSA CRAFT,402R-00667,127 Goldmine Drive,Pagosa Springs,81147
SAN JUAN STRAINS INC,,402R-00542,"356 East Pagosa Street, Unit B",Pagosa Springs,81147
COLORADO ALTERNATIVE HEALTH CARE LTD,COLORADO WEEDERY,402R-00695,"125 Peach Avenue, Unit C",Palisade,81526
DAVID COX,PALISADE PRODUCE,402R-00795,361 Wine Valley Road,Palisade,81526
THC2 INC,THE HAPPY CAMPER CANNABIS COMPANY,402R-00711,1043 North River Road,Palisade,81526
BUDS LTD,,402R-00528,104 Cardinal Way,Parachute,81635
GREEN CROSS COLORADO LLC,THE TUMBLEWEED DISPENSARY,402R-00522,"150 South Columbine Court, Unit 100",Parachute,81635
GREEN CROSS COLORADO LLC,TUMBLEWEED EXPRESS,402R-00560,258 South Rail Road,Parachute,81635
PARACHUTE GREEN JOINT LLC,THE GREEN JOINT,402R-00518,"315 East 1st Street, Suite A",Parachute,81635
ROCKY MOUNTAIN DANK LLC,,402R-00685,254 South Rail Road,Parachute,81635
THE CANNABIST CASTLE SUPERMARKET & DISPENSARY LOUNGE LLC,THE KIND CASTLE,402R-00526,248 East First Street,Parachute,81635
TOKIN TIPI LLC,,402R-00693,"393 East 2nd Street, Unit 6",Parachute,81635
1917 SANTA FE LLC,,402R-00382,1917 Santa Fe Drive,Pueblo,81006
COLORADO BEST BUDZ LLC,,402R-00424,"23344 Highway 50 East, Unit B,",Pueblo,81006
COLORADO CANNABIS ASSOCIATES LLC,THE SPOT 420,402R-00671,3504 North Elizabeth Street,Pueblo,81008
COLORADO GOLD LLP,STICKY ICKYS,402R-00673,5341 West Highway 96,Pueblo,81005
EARTH SOLUTIONS INC,CANNA CABINET INC,402R-00690,2630 West Pueblo Boulevard Suite A,Pueblo,81004
GARDEN GREENS LLC,STRAWBERRY FIELDS,402R-00475,4116 Nature Center Road,Pueblo,81003
HARVEST LLC,HARVEST,402R-00803,875 Crane Ridge Drive,Pueblo,81008
LIVWELL V LLC,LIVWELL,402R-00672,1239 Southgate Place,Pueblo,81004
MARISOL THERAPEUTICS LLC,,402R-00797,8910 South Interstate 25,Pueblo,81004
MESA ORGANICS LTD,MESA ORGANICS,402R-00514,30899 Highway 50 East,Pueblo,81006
NUVUE PHARMA LLC,,402R-00650,4740 Dillion Drive,Pueblo,81008
SCEPTER GROUP LLC,LIVWELL,402R-00806,2565 North Interstate 25,Pueblo,81008
SEVEN-ONE-NINE LLC,,402R-00668,2729 Farabaugh Lane,Pueblo,81004
SOUTH PUEBLO LLC,COLORADO CANNABIS EXCHANGE,402R-00702,3377 South Interstate 25,Pueblo,81004
STARBUDS PUEBLO LLC,STARBUDS,402R-00410,4305 Thatcher Avenue,Pueblo,81005
STEM BEACH DISPENSARY LLC,DOCTORS ORDERS,402R-00525,3321 South I-25,Pueblo,81004
STEM BEACH LLC,THE CANNABIS DEPOT,402R-00713,"2440 Interstate 25 North, Unit B",Pueblo,81008
SYLS LLC,STRAWBERRY FIELDS,402R-00537,2285 North Interstate 25,Pueblo,81008
THE 404 LLC,,402R-00682,404 North Greenwood Street,Pueblo,81003
THE GREEN SOLUTION LLC,,402R-00670,1207 Southgate Place,Pueblo,81004
THE ORGANIC SEED LLC,CANNASSEUR,402R-00813,4100 West 11th Street,Pueblo,81003
THREE RIVERS DEVELOPMENT LLC,THREE RIVERS DISPENSARY,402R-00556,1714 B Santa Fe Drive,Pueblo,81006
VALLEY MEDS LLC,VALLEY MEDS,402R-00513,1805 Sante Fe Drive Unit E,Pueblo,81006
VIRTUAL MARKETING LLC,MAGGIES FARM,402R-00725,4803 North Interstate 25,Pueblo,81008
WESTSIDE WELLNESS CENTER LLC,MAGGIES FARM,402R-00222,"1400 Santa Fe Drive, Suites A & B,",Pueblo,81006
COLORADO CANNABIS ASSOCIATES LLC,THE SPOT,402R-00157,748 East Industrial Boulevard,Pueblo West,81007
"COLORADO DISTRIBUTING, LLC",THE DISPO,402R-00822,893 East Enterprise Drive,Pueblo West,81007
FIPG LLC,,402R-00567,67 North Silicon Drive  # 130,Pueblo West,81007
GORULE LLC,ROCKY MOUNTAIN BLAZE,402R-00444,78 North Precision Drive,Pueblo West,81007
HIGH DEMAND LLC,TERPS,402R-00791,38 North Silicon Drive,Pueblo West,81007
MAGGIES FARM LLC,,402R-00219,"74 North Component Drive, Suite 170,",Pueblo West,81007
MARISOL THERAPEUTICS LLC,,402R-00063,922 East Kimble Drive,Pueblo West,81007
MESA GREENS LLC,WOLFPAC CANNABIS,402R-00524,749 East Enterprise Drive,Pueblo West,81007
NATURES GIFT SHOP LLC,,402R-00359,148 East Assembly Drive,Pueblo West,81007
PUEBLO WEST ORGANICS LLC,PUEBLO WEST ORGANICS,402R-00123,"609 East Enterprise Drive, Suit 130",Pueblo West,81007
STARBUDS ALAMEDA LLC,STARBUDS,402R-00177,"428 South McCulloch Boulevard, Building A",Pueblo West,81007
THE ORGANIC SEED LLC,CANNASSEUR,402R-00196,41 North Precision Drive,Pueblo West,81007
THREE RIVERS DEVELOPMENT LLC,THREE RIVERS DISPENSARY,402R-00751,83 North Magneto Drive,Pueblo West,81007
FIDDLERS GREEN LLC,,402R-00512,402 Palomino Trail,Ridgway,81432
MOUNTAIN ANNIES LLC,,402R-00155,"157 Highway 550, Suite B",Ridgway,81432
ROCKY MOUNTAIN BLISS LLC, MOUNTAIN CANNABIS,402R-00270,"153 US Highway 550, Unit 102,",Ridgway,81432
HERBAL OUTFITTERS LLC,THE GREEN JOINT,402R-00799,2102 Airport Road Suite A,Rifle,81650
RIFLE REMEDIES LLC,GREEN CROSS RIFLE,402R-00810,1435 Airport Road,Rifle,81650
MESA ORGANICS III LTD,MESA ORGANICS - ROCKY FORD,402R-00765,1315 Elm Avenue,Rocky Ford,81067
ROCKY FARMS LLC,ROCKY FARMS,402R-00755,1709 Swink Avenue,Rocky Ford,81067
PG RETAIL I LLC,NATURES MEDICINE,402R-00241,"230 West 16th Street, Unit C",Salida,81201
SUN HOUSE SALIDA LLC,SUN HOUSE,402R-00248,248 East US Highway 50,Salida,81201
TENDERFOOT HEALTH COLLECTIVE,,402R-00381,"840 Oak Street, Suites A, B & C",Salida,81201
BELEAF WELLNESS CENTER LLC,,402R-00511,327 Main Street,San Luis,81152
LA CASA CANNA BIS INC,,402R-00429,205 Main Street,San Luis,81152
DACONO MEDS LLC,SEDGWICK ALTERNATIVE RELIEF,402R-00223,107 Main Avenue,Sedgwick,80749
LS BOUTIQUES LLC,LUCY SKY CANNABIS BOUTIQUE,402R-00715,4444 South Federal Boulevard,Sheridan,80110
SISTEM SHERIDAN LLC,SILVER STEM FINE CANNABIS,402R-00757,2800 West Hampden Avenue,Sheridan,80110
THE GREEN SOLUTION LLC,CLEARANCE CANNABIS CO,402R-00737,3926 South Federal Boulevard,Sheridan,80110
THE GREEN SOLUTION LLC,,402R-00743,3318 South Federal Boulevard,Sheridan,80110
HQ LLC,HIGH Q,402R-00332,730 Main Street,Silt,81652
RIFLE REMEDIES LLC,GREEN CROSS SILT,402R-00259,502 Front Street,Silt,81652
THE GREEN SOLUTION LLC,,402R-00299,645 Water Street,Silver Plume,80476
TZ FINANCIAL LLC,HIGH COUNTRY HEALING,402R-00095,"191 Blue River Parkway, #202",Silverthorne,80498
KENDALL MOUNTAIN LLC,SILVERTON GREEN WORKS,402R-00264,124 East 13th Street Unit A,Silverton,81433
MOUNTAIN ANNIES LLC,,402R-00455,1330 Greene Street,Silverton,81433
SAN JUAN RETAIL LLC,CANNAFARMER FARM STORE,402R-00768,"71463 US Highway 550, Unit A",Silverton,81433
D AND C MEDICAL MARIJUANA LLC,GOLDEN LEAF,402R-00171,1755 Lincoln Avenue,Steamboat Springs,80487
GATSBY HOLDINGS LLC,BILLO,402R-00127,"2093 Curve Plaza, Unit C-103",Steamboat Springs,80487
RK ENTERPRISES LTD,ROCKY MOUNTAIN REMEDIES,402R-00136,"2730 Downhill Plaza, #106",Steamboat Springs,80487
HIGHWAY 40 LLC,BONFIRE CANNABIS COMPANY,402R-00574,8 County Road 821,Tabernash,80478
IGADI LTD,IGADI,402R-00354,"72399 US Highway 40, Unit B",Tabernash,80478
ALPINE WELLNESS LLC,ALPINE WELLNESS,402R-00091,"300 West Colorado Avenue, Unit 2C, Suites B-H",Telluride,81435
DELILAH LLC,DELILAH LLC,402R-00182,115 West Colorado Avenue,Telluride,81435
DRAGON PARTNERS LLC,GREEN DRAGON COLORADO,402R-00663,119 West Colorado Avenue,Telluride,81435
NEW WORLD ALTERNATIVE HEALTHCARE LLC,TELLURIDE BUD COMPANY,402R-00149,135 South Spruce Street,Telluride,81435
TELLURIDE GREEN ROOM LLC,TELLURIDE GREEN ROOM,402R-00134,"250 South Fir Street, #5 & #6",Telluride,81435
AJS THORNTON LLC,SWEET LEAF,402R-00628,2551 East 120th Avenue,Thornton,80233
CANNABIS KING LLC,GREEN DRAGON COLORADO,402R-00631,5823 East 128th Avenue,Thornton,80602
FUTUREVISION 2020 LLC,MEDICINE MAN THORNTON,402R-00640,130 West 84th Avenue,Thornton,80260
ROCKY ROAD REMEDIES LLC,ROCKY ROAD THORNTON,402R-00633,"3901 East 112th Avenue, Unit G",Thornton,80233
AHAB LLC,STRAWBERRY FIELDS,402R-00606,116 Santa Fe Trail Drive,Trinidad,81082
CANASOL LLC,ROCKY MOUNTAIN CANNABIS,402R-00784,614 Arizona Avenue,Trinidad,81082
CANNA COMPANY,CANNACO,402R-00371,3019 Toupal Drive,Trinidad,81082
COLORADO CANNABIS ASSOCIATES LLC,THE SPOT,402R-00383,453 North Commercial Street,Trinidad,81082
DESSIMALS INC,LUCKY MONKEY BUDS,402R-00476,137 West Cedar Street,Trinidad,81082
E&R RETAIL LLC,THE OTHER PLACE IS GREENER,402R-00645,466 West Main Street,Trinidad,81082
EMERALD CITY WELLNESS LLC,EMERALD CITY,402R-00564,"520 Nevada Avenue,",Trinidad,81082
FARAGOSI FARMS INC,FARAGOSI FARMS,402R-00421,118 Santa Fe Trail,Trinidad,81082
FREEDOM ROAD GARDEN LTD,FREEDOM ROAD,402R-00496,2600 Freedom Road,Trinidad,81082
FREEDOM ROAD GARDEN MAIN LLC,FREEDOM ROAD,402R-00584,514 West Main Street,Trinidad,81082
JW COLORADO LLC,TWEEDLEAF,402R-00781,123 West Cedar Street,Trinidad,81082
LIVWELL VI LLC,LIVWELL,402R-00352,124 Santa Fe Trail,Trinidad,81082
M&M DISTRIBUTING LLC,,402R-00389,422 North Commercial Street,Trinidad,81082
MAGNOLIA ROAD INC,MAGNOLIA ROAD CANNABIS COMPANY,402R-00569,"413 North Commercial Street,",Trinidad,81082
MAGNOLIA ROAD INC,SUGARLOAF DISPENSARY,402R-00821,"411 North Commercial Street,",Trinidad,81082
MAIN STREET CANNABIS,,402R-00523,401 West Main Street,Trinidad,81082
NUVUE PHARMA LLC,,402R-00689,1400 Van Buren Street,Trinidad,81082
PC HOLDINGS INC,CANNA CITY,402R-00698,417 North Commercial Street,Trinidad,81082
PEAK 6010 LLC,ELEVATE 6010,402R-00783,911 East Main Street,Trinidad,81082
RJJ TRINIDAD LLC,NATIVE ROOTS TRINIDAD,402R-00617,3140 Santa Fe Trail,Trinidad,81082
SILVER LAKE HOLDINGS LLC,ROOTED,402R-00605,110 Santa Fe Trail,Trinidad,81082
SOUTHERN COLORADO THERAPEUTICS INC,HIGHLAND HEALTH,402R-00372,"1505 Santa Fe Trail,",Trinidad,81082
THE GREEN SOLUTION LLC,CLEARANCE CANNABIS CO.,402R-00582,1423 Santa Fe Trail,Trinidad,81082
THE GREEN SOLUTION LLC,,402R-00583,409 North Commercial Street,Trinidad,81082
THE HERBAL GARDEN LLC,THE UNDERGROUND STATION LLC,402R-00616,439 North Commercial Street,Trinidad,81082
TRINIDAD HARVESTING COMPANY LLC,,402R-00604,3601 Freedom Road,Trinidad,81082
TRINIDADS HIGHER CALLING U LLC,,402R-00271,1000 Independence Road,Trinidad,81082
SACRED VALLEY FARMACY LLC,PRIMO,402R-00622,34132 Highway 285,Villa Grove,81155
BUD HUT INC,BUD HUT INC,402R-00463,"973 U.S. Highway 85 87, Suite 100",Walsenburg,81089
CCW HOLDINGS INC,CANNA CITY,402R-00782,102 US Highway 10 Unit A,Walsenburg,81089
MONTE FIORE LLC,PROVISIONS,402R-00739,10232 Interstate 25,Walsenburg,81089
SP DISTRIBUTION LLC,,402R-00778,420 Parsons Road,Walsenburg,81089
WAHATOYA FARMS LLC,MEDUSACO,402R-00760,25462 US Highway 160,Walsenburg,81089
10185 RIDGE LLC,EVERBLOOM,402R-00763,10185 West 49th Avenue,Wheat Ridge,80033
BEDDOR CLAUDE LLC,CHRONIC THERAPY,402R-00217,10030 West 27th Avenue,Wheat Ridge,80215
MEDICAL MJ SUPPLY LLC,BEST COLORADO CANNABIS,402R-00154,4800 Lamar Street,Wheat Ridge,80033
OPTIONS MEDICAL CENTER WR LLC,OPTIONS,402R-00184,9085 West 44th Avenue,Wheat Ridge,80033
SOLACE MEDS OF WHEAT RIDGE LLC,,402R-00153,4845 Van Gordon Street,Wheat Ridge,80033
SERENE WELLNESS V LLC,SERENE WELLNESS WINTER PARK LLC,402R-00559,"79025 US Highway 40, Units 5-6",Winter Park,80482
,,,,,
